[
{
  "title": "Aside Documentation",
  "url": "../layout/aside-doc.html",
  "description": "layout/aside-doc.html",
  "tokens": "aside doc documentation"
},
{
  "title": "Aside Email Sample",
  "url": "../layout/aside-email.html",
  "description": "layout/aside-email.html",
  "tokens": "aside email"
},
{
  "title": "Aside Form Samples",
  "url": "../layout/aside-form.html",
  "description": "layout/aside-form.html",
  "tokens": "aside form"
},
{
  "title": "Aside Messages Sample",
  "url": "../layout/aside-messages.html",
  "description": "layout/aside-messages.html",
  "tokens": "aside messages"
},
{
  "title": "Aside Settings Sample",
  "url": "../layout/aside-settings.html",
  "description": "layout/aside-settings.html",
  "tokens": "aside settings"
},
{
  "title": "Aside with Tabs",
  "url": "../layout/aside-tabs.html",
  "description": "layout/aside-tabs.html",
  "tokens": "aside tabs tabular"
},
{
  "title": "Aside",
  "url": "../layout/aside.html",
  "description": "layout/aside.html",
  "tokens": "aside secondary menu"
},
{
  "title": "Advanced Cards",
  "url": "../layout/card-advanced.html",
  "description": "layout/card-advanced.html",
  "tokens": "card panel advanced"
},
{
  "title": "Cards Coloring",
  "url": "../layout/card-color.html",
  "description": "layout/card-color.html",
  "tokens": "card panel color"
},
{
  "title": "Grouping Cards",
  "url": "../layout/card-group.html",
  "description": "layout/card-group.html",
  "tokens": "card panel group deck columns"
},
{
  "title": "Cards",
  "url": "../layout/card.html",
  "description": "layout/card.html",
  "tokens": "card panel"
},
{
  "title": "Footer",
  "url": "../layout/footer.html",
  "description": "layout/footer.html",
  "tokens": "footer"
},
{
  "title": "Flexbox",
  "url": "../layout/grid-flexbox.html",
  "description": "layout/grid-flexbox.html",
  "tokens": "grid layout felxrow flexbox"
},
{
  "title": "Masonry Layout",
  "url": "../layout/grid-masonry.html",
  "description": "layout/grid-masonry.html",
  "tokens": "grid layout masonry"
},
{
  "title": "Bootstrap Grid",
  "url": "../layout/grid.html",
  "description": "layout/grid.html",
  "tokens": "grid layout"
},
{
  "title": "Advanced Headers",
  "url": "../layout/header-advanced.html",
  "description": "layout/header-advanced.html",
  "tokens": "header advanced"
},
{
  "title": "Basic Headers",
  "url": "../layout/header.html",
  "description": "layout/header.html",
  "tokens": "header"
},
{
  "title": "Quickview Documentation",
  "url": "../layout/quickview-doc.html",
  "description": "layout/quickview-doc.html",
  "tokens": "quickview documentation"
},
{
  "title": "Quickview",
  "url": "../layout/quickview.html",
  "description": "layout/quickview.html",
  "tokens": "quickview"
},
{
  "title": "Bordery Sidebar",
  "url": "../layout/sidebar-bordery.html",
  "description": "layout/sidebar-bordery.html",
  "tokens": "sidebar bordery"
},
{
  "title": "Sidebar",
  "url": "../layout/sidebar-default.html",
  "description": "layout/sidebar-default.html",
  "tokens": "sidebar"
},
{
  "title": "Sidebar Documentation",
  "url": "../layout/sidebar-doc.html",
  "description": "layout/sidebar-doc.html",
  "tokens": "sidebar documentation"
},
{
  "title": "Folded Sidebar",
  "url": "../layout/sidebar-folded-1.html",
  "description": "layout/sidebar-folded-1.html",
  "tokens": "sidebar folded"
},
{
  "title": "Folded Sidebar",
  "url": "../layout/sidebar-folded-2.html",
  "description": "layout/sidebar-folded-2.html",
  "tokens": "sidebar folded"
},
{
  "title": "Iconic Sidebar",
  "url": "../layout/sidebar-iconic.html",
  "description": "layout/sidebar-iconic.html",
  "tokens": "sidebar iconic"
},
{
  "title": "Boxed Icons Sidebar",
  "url": "../layout/sidebar-icons-boxed.html",
  "description": "layout/sidebar-icons-boxed.html",
  "tokens": "sidebar icons boxed"
},
{
  "title": "Sidebar with Right Boxed Icons",
  "url": "../layout/sidebar-icons-right-boxed.html",
  "description": "layout/sidebar-icons-right-boxed.html",
  "tokens": "sidebar icons right boxed"
},
{
  "title": "Sidebar with Icons in Right Side",
  "url": "../layout/sidebar-icons-right.html",
  "description": "layout/sidebar-icons-right.html",
  "tokens": "sidebar icons right"
},
{
  "title": "Char Indicator Sidebar",
  "url": "../layout/sidebar-indicator-char.html",
  "description": "layout/sidebar-indicator-char.html",
  "tokens": "sidebar indicator character"
},
{
  "title": "Sidebar with Empty Indicator",
  "url": "../layout/sidebar-indicator-empty.html",
  "description": "layout/sidebar-indicator-empty.html",
  "tokens": "sidebar indicator empty"
},
{
  "title": "Sidebar with Icon Indicator",
  "url": "../layout/sidebar-indicator-icon.html",
  "description": "layout/sidebar-indicator-icon.html",
  "tokens": "sidebar indicator icon"
},
{
  "title": "Sidebar with Dark Skin",
  "url": "../layout/sidebar-skin-dark.html",
  "description": "layout/sidebar-skin-dark.html",
  "tokens": "sidebar skin dark color"
},
{
  "title": "Sidebar with Light Skin",
  "url": "../layout/sidebar-skin-light.html",
  "description": "layout/sidebar-skin-light.html",
  "tokens": "sidebar skin light color"
},
{
  "title": "Sidebar",
  "url": "../layout/sidebar.html",
  "description": "layout/sidebar.html",
  "tokens": "sidebar"
},
{
  "title": "Topbar Documentation",
  "url": "../layout/topbar-doc.html",
  "description": "layout/topbar-doc.html",
  "tokens": "topbar documentation"
},
{
  "title": "Topbar Menu",
  "url": "../layout/topbar-menu.html",
  "description": "layout/topbar-menu.html",
  "tokens": "topbar menu"
},
{
  "title": "Secondary Topbar",
  "url": "../layout/topbar-secondary.html",
  "description": "layout/topbar-secondary.html",
  "tokens": "topbar secondary menu"
},
{
  "title": "Topbar",
  "url": "../layout/topbar.html",
  "description": "layout/topbar.html",
  "tokens": "topbar"
},
{
  "title": "Syntax Highlighter",
  "url": "../content/code-highlighter.html",
  "description": "content/code-highlighter.html",
  "tokens": "code syntax highligher prism"
},
{
  "title": "Code",
  "url": "../content/code.html",
  "description": "content/code.html",
  "tokens": "code"
},
{
  "title": "Colors",
  "url": "../content/colors.html",
  "description": "content/colors.html",
  "tokens": "colors pallet"
},
{
  "title": "7 Stroke Icons",
  "url": "../content/icons-7stroke.html",
  "description": "content/icons-7stroke.html",
  "tokens": "icon 7stroke"
},
{
  "title": "Emojione Icons",
  "url": "../content/icons-emojione.html",
  "description": "content/icons-emojione.html",
  "tokens": "icon emoji emojione smiley emoticon"
},
{
  "title": "Flat Color Icons",
  "url": "../content/icons-flat-color.html",
  "description": "content/icons-flat-color.html",
  "tokens": "icon flat color i8icon"
},
{
  "title": "FontAwesome Icons",
  "url": "../content/icons-fontawesome.html",
  "description": "content/icons-fontawesome.html",
  "tokens": "icon fontawesome"
},
{
  "title": "IonIcons",
  "url": "../content/icons-ionicons.html",
  "description": "content/icons-ionicons.html",
  "tokens": "icon ionicons"
},
{
  "title": "Material Icons",
  "url": "../content/icons-material.html",
  "description": "content/icons-material.html",
  "tokens": "icon material"
},
{
  "title": "Themify Icons",
  "url": "../content/icons-themify.html",
  "description": "content/icons-themify.html",
  "tokens": "themify icon"
},
{
  "title": "Icons",
  "url": "../content/icons.html",
  "description": "content/icons.html",
  "tokens": "icon"
},
{
  "title": "Avatars",
  "url": "../content/images-avatar.html",
  "description": "content/images-avatar.html",
  "tokens": "avatar users userlist"
},
{
  "title": "Image Effects",
  "url": "../content/images-effect.html",
  "description": "content/images-effect.html",
  "tokens": "image effect"
},
{
  "title": "PhotoSwipe",
  "url": "../content/images-photoswipe.html",
  "description": "content/images-photoswipe.html",
  "tokens": "image photoswipe gallery slider carousel"
},
{
  "title": "Image Teasers",
  "url": "../content/images-teaser.html",
  "description": "content/images-teaser.html",
  "tokens": "image teaser overlay hover effect"
},
{
  "title": "Images",
  "url": "../content/images.html",
  "description": "content/images.html",
  "tokens": "image figure"
},
{
  "title": "Advanced Medias",
  "url": "../content/media-advanced.html",
  "description": "content/media-advanced.html",
  "tokens": "media comment preview "
},
{
  "title": "Media Coloring",
  "url": "../content/media-color.html",
  "description": "content/media-color.html",
  "tokens": "media color border"
},
{
  "title": "Media Grid",
  "url": "../content/media-grid.html",
  "description": "content/media-grid.html",
  "tokens": "media grid"
},
{
  "title": "Media List",
  "url": "../content/media-list.html",
  "description": "content/media-list.html",
  "tokens": "media list scroll selectable searchable"
},
{
  "title": "Media",
  "url": "../content/media.html",
  "description": "content/media.html",
  "tokens": "media"
},
{
  "title": "Table Coloring",
  "url": "../content/tables-color.html",
  "description": "content/tables-color.html",
  "tokens": "table color background"
},
{
  "title": "DataTables",
  "url": "../content/tables-datatables.html",
  "description": "content/tables-datatables.html",
  "tokens": "datatables"
},
{
  "title": "jsGrid Tables",
  "url": "../content/tables-jsgrid.html",
  "description": "content/tables-jsgrid.html",
  "tokens": "table jsgrid"
},
{
  "title": "Tables",
  "url": "../content/tables.html",
  "description": "content/tables.html",
  "tokens": "table toolbar"
},
{
  "title": "Sample Article",
  "url": "../content/typography-article.html",
  "description": "content/typography-article.html",
  "tokens": "typography article content page blog"
},
{
  "title": "Divider",
  "url": "../content/typography-divider.html",
  "description": "content/typography-divider.html",
  "tokens": "typography divider hr horizontal line"
},
{
  "title": "Different Fonts",
  "url": "../content/typography-font.html",
  "description": "content/typography-font.html",
  "tokens": "typography font"
},
{
  "title": "Typography",
  "url": "../content/typography.html",
  "description": "content/typography.html",
  "tokens": "typography headings address quote"
},
{
  "title": "Background Image Class Utilities",
  "url": "../content/utilities-bg-img.html",
  "description": "content/utilities-bg-img.html",
  "tokens": "utility class background image overlay"
},
{
  "title": "Border Class Utilities",
  "url": "../content/utilities-border.html",
  "description": "content/utilities-border.html",
  "tokens": "utility class border"
},
{
  "title": "Color Class Utilities",
  "url": "../content/utilities-color.html",
  "description": "content/utilities-color.html",
  "tokens": "utility class color background border text"
},
{
  "title": "Miscellaneous Class Utilities",
  "url": "../content/utilities-misc.html",
  "description": "content/utilities-misc.html",
  "tokens": "utility class misc shadow centering rotate cursor opacity"
},
{
  "title": "No Maker Class Utilities",
  "url": "../content/utilities-no.html",
  "description": "content/utilities-no.html",
  "tokens": "utility class no maker"
},
{
  "title": "Sizing Utilities",
  "url": "../content/utilities-sizing.html",
  "description": "content/utilities-sizing.html",
  "tokens": "utility class sizing width height"
},
{
  "title": "Spacing Class Utilities",
  "url": "../content/utilities-spacing.html",
  "description": "content/utilities-spacing.html",
  "tokens": "utility class padding margin gap"
},
{
  "title": "Typography Class Utilities",
  "url": "../content/utilities-typography.html",
  "description": "content/utilities-typography.html",
  "tokens": "utility class typography font letter"
},
{
  "title": "Class Utilities",
  "url": "../content/utilities.html",
  "description": "content/utilities.html",
  "tokens": "utility class bootstrap"
},
{
  "title": "Animate.css",
  "url": "../extension/animate.html",
  "description": "extension/animate.html",
  "tokens": "animate"
},
{
  "title": "Animsition",
  "url": "../extension/animsition.html",
  "description": "extension/animsition.html",
  "tokens": "animsition page transition"
},
{
  "title": "Animate on scroll",
  "url": "../extension/aos.html",
  "description": "extension/aos.html",
  "tokens": "animate scroll aos"
},
{
  "title": "Fullscreen",
  "url": "../extension/fullscreen.html",
  "description": "extension/fullscreen.html",
  "tokens": "fullscreen screenfull maximize"
},
{
  "title": "Intercoolerjs",
  "url": "../extension/intercoolerjs.html",
  "description": "extension/intercoolerjs.html",
  "tokens": "intercoolerjs ajax loader"
},
{
  "title": "Loader",
  "url": "../extension/loader.html",
  "description": "extension/loader.html",
  "tokens": "loader ajax"
},
{
  "title": "Pace",
  "url": "../extension/pace.html",
  "description": "extension/pace.html",
  "tokens": "pace loader progress"
},
{
  "title": "Tour",
  "url": "../extension/tour.html",
  "description": "extension/tour.html",
  "tokens": "tour shepherd"
},
{
  "title": "Badges",
  "url": "../uikit/badges.html",
  "description": "uikit/badges.html",
  "tokens": "badge tag label ring dot"
},
{
  "title": "Floating Action Buttons",
  "url": "../uikit/buttons-fab.html",
  "description": "uikit/buttons-fab.html",
  "tokens": "buttons btn material fab floating action"
},
{
  "title": "Buttons",
  "url": "../uikit/buttons.html",
  "description": "uikit/buttons.html",
  "tokens": "buttons btn"
},
{
  "title": "Swiper",
  "url": "../uikit/carousel-swiper.html",
  "description": "uikit/carousel-swiper.html",
  "tokens": "swiper carousel slider"
},
{
  "title": "Carousel",
  "url": "../uikit/carousel.html",
  "description": "uikit/carousel.html",
  "tokens": "carousel slider"
},
{
  "title": "Docks",
  "url": "../uikit/dialog-dock.html",
  "description": "uikit/dialog-dock.html",
  "tokens": "dialog dock"
},
{
  "title": "Lity",
  "url": "../uikit/dialog-lity.html",
  "description": "uikit/dialog-lity.html",
  "tokens": "dialog lity lightbox"
},
{
  "title": "Modal Dialogs",
  "url": "../uikit/dialog-modal.html",
  "description": "uikit/dialog-modal.html",
  "tokens": "dialog modal popup"
},
{
  "title": "SweetAlert2",
  "url": "../uikit/dialog-sweetalert.html",
  "description": "uikit/dialog-sweetalert.html",
  "tokens": "dialog modal alert sweetalert"
},
{
  "title": "Dropdown Grid",
  "url": "../uikit/dropdown-grid.html",
  "description": "uikit/dropdown-grid.html",
  "tokens": "menu dropdown grid"
},
{
  "title": "Dropdown Menu",
  "url": "../uikit/dropdown-menu.html",
  "description": "uikit/dropdown-menu.html",
  "tokens": "menu dropdown"
},
{
  "title": "Dropdown",
  "url": "../uikit/dropdown.html",
  "description": "uikit/dropdown.html",
  "tokens": "menu dropdown"
},
{
  "title": "Misc Bootstrap UI Kits",
  "url": "../uikit/misc-bootstrap.html",
  "description": "uikit/misc-bootstrap.html",
  "tokens": "pager pagination breadcrumbs"
},
{
  "title": "Sorting",
  "url": "../uikit/misc-sortable.html",
  "description": "uikit/misc-sortable.html",
  "tokens": "sortable drag and drop"
},
{
  "title": "Nav",
  "url": "../uikit/nav.html",
  "description": "uikit/nav.html",
  "tokens": "nav links navigation"
},
{
  "title": "Alerts",
  "url": "../uikit/notification-alert.html",
  "description": "uikit/notification-alert.html",
  "tokens": "notification alert"
},
{
  "title": "Callouts",
  "url": "../uikit/notification-callout.html",
  "description": "uikit/notification-callout.html",
  "tokens": "notifications callout"
},
{
  "title": "Popover",
  "url": "../uikit/notification-popover.html",
  "description": "uikit/notification-popover.html",
  "tokens": "notifications popover"
},
{
  "title": "Push Notifications",
  "url": "../uikit/notification-push.html",
  "description": "uikit/notification-push.html",
  "tokens": "notifications push"
},
{
  "title": "Toast Messages",
  "url": "../uikit/notification-toast.html",
  "description": "uikit/notification-toast.html",
  "tokens": "notifications toast"
},
{
  "title": "Tooltip",
  "url": "../uikit/notification-tooltip.html",
  "description": "uikit/notification-tooltip.html",
  "tokens": "notifications tooltip"
},
{
  "title": "Accordions",
  "url": "../uikit/panel-accordion.html",
  "description": "uikit/panel-accordion.html",
  "tokens": "panel accordion collapse"
},
{
  "title": "Tabs",
  "url": "../uikit/panel-tab.html",
  "description": "uikit/panel-tab.html",
  "tokens": "panel tab"
},
{
  "title": "Process Navigation",
  "url": "../uikit/progress-process.html",
  "description": "uikit/progress-process.html",
  "tokens": "progress process step"
},
{
  "title": "Progressbar",
  "url": "../uikit/progress-progressbar.html",
  "description": "uikit/progress-progressbar.html",
  "tokens": "progress progressbar"
},
{
  "title": "Spinners",
  "url": "../uikit/progress-spinner.html",
  "description": "uikit/progress-spinner.html",
  "tokens": "progress spinner loader material indicator"
},
{
  "title": "Shuffle",
  "url": "../uikit/shuffle.html",
  "description": "uikit/shuffle.html",
  "tokens": "shuffle sort isotope packery"
},
{
  "title": "Activity Timeline",
  "url": "../uikit/timeline-activity.html",
  "description": "uikit/timeline-activity.html",
  "tokens": "timeline activity"
},
{
  "title": "Timeline",
  "url": "../uikit/timeline.html",
  "description": "uikit/timeline.html",
  "tokens": "timeline activity"
},
{
  "title": "Knob",
  "url": "../form/addon-knob.html",
  "description": "form/addon-knob.html",
  "tokens": "knob"
},
{
  "title": "Misc Addons",
  "url": "../form/addon-misc.html",
  "description": "form/addon-misc.html",
  "tokens": "maxlength password strength"
},
{
  "title": "Sliders",
  "url": "../form/addon-slider.html",
  "description": "form/addon-slider.html",
  "tokens": "slider noUiSlider range"
},
{
  "title": "Tagsinput",
  "url": "../form/addon-tagsinput.html",
  "description": "form/addon-tagsinput.html",
  "tokens": "tagsinput"
},
{
  "title": "Typeahead",
  "url": "../form/addon-typeahead.html",
  "description": "form/addon-typeahead.html",
  "tokens": "typeaheads twitter auto complete"
},
{
  "title": "Checkbox",
  "url": "../form/control-checkbox.html",
  "description": "form/control-checkbox.html",
  "tokens": "checkbox"
},
{
  "title": "Radio",
  "url": "../form/control-radio.html",
  "description": "form/control-radio.html",
  "tokens": "radio"
},
{
  "title": "Switch Control",
  "url": "../form/control-switch.html",
  "description": "form/control-switch.html",
  "tokens": "switch"
},
{
  "title": "Quill Editor",
  "url": "../form/editor-quill.html",
  "description": "form/editor-quill.html",
  "tokens": "editor wysiwyg quill"
},
{
  "title": "Summernote Editor",
  "url": "../form/editor-summernote.html",
  "description": "form/editor-summernote.html",
  "tokens": "editor wysiwyg summernote"
},
{
  "title": "Combined Inputs",
  "url": "../form/input-combine.html",
  "description": "form/input-combine.html",
  "tokens": "input form control combine select textarea"
},
{
  "title": "Default Inputs",
  "url": "../form/input-default.html",
  "description": "form/input-default.html",
  "tokens": "input form control select textarea"
},
{
  "title": "Filled Inputs",
  "url": "../form/input-fill.html",
  "description": "form/input-fill.html",
  "tokens": "input form control fill select textarea"
},
{
  "title": "Line Inputs",
  "url": "../form/input-line.html",
  "description": "form/input-line.html",
  "tokens": "input form control line select textarea"
},
{
  "title": "Material Inputs",
  "url": "../form/input-material.html",
  "description": "form/input-material.html",
  "tokens": "input form control material select textarea"
},
{
  "title": "Rounded Inputs",
  "url": "../form/input-round.html",
  "description": "form/input-round.html",
  "tokens": "input form control round select textarea"
},
{
  "title": "Form Layouts",
  "url": "../form/layout.html",
  "description": "form/layout.html",
  "tokens": "form layout"
},
{
  "title": "Lookup",
  "url": "../form/lookup.html",
  "description": "form/lookup.html",
  "tokens": "form lookup search"
},
{
  "title": "Mask",
  "url": "../form/mask.html",
  "description": "form/mask.html",
  "tokens": "mask formatter"
},
{
  "title": "Color Pickers",
  "url": "../form/picker-color.html",
  "description": "form/picker-color.html",
  "tokens": "color picker selector minicolors"
},
{
  "title": "Date and Time Pickers",
  "url": "../form/picker-datetime.html",
  "description": "form/picker-datetime.html",
  "tokens": "date time datetime datepicker timepicker clockpicker"
},
{
  "title": "Rating and Toggler",
  "url": "../form/picker-rating.html",
  "description": "form/picker-rating.html",
  "tokens": "star rating toggler like"
},
{
  "title": "Bootstrap select",
  "url": "../form/picker-select.html",
  "description": "form/picker-select.html",
  "tokens": "bootstrap select picker"
},
{
  "title": "Multiline Publisher",
  "url": "../form/publisher-multi.html",
  "description": "form/publisher-multi.html",
  "tokens": "publisher multiline"
},
{
  "title": "Single Line Publisher",
  "url": "../form/publisher-single.html",
  "description": "form/publisher-single.html",
  "tokens": "publisher single"
},
{
  "title": "Dropify Uploader",
  "url": "../form/upload-dropify.html",
  "description": "form/upload-dropify.html",
  "tokens": "upload dropify"
},
{
  "title": "Dropzone",
  "url": "../form/upload-dropzone.html",
  "description": "form/upload-dropzone.html",
  "tokens": "upload dropzone"
},
{
  "title": "Uploaders",
  "url": "../form/upload.html",
  "description": "form/upload.html",
  "tokens": "upload"
},
{
  "title": "Form Validation",
  "url": "../form/validation.html",
  "description": "form/validation.html",
  "tokens": "validation validator"
},
{
  "title": "Form Wizard",
  "url": "../form/wizard.html",
  "description": "form/wizard.html",
  "tokens": "wizard"
},
{
  "title": "Chartjs",
  "url": "../chart/chartjs.html",
  "description": "chart/chartjs.html",
  "tokens": "chartjs line bar bubble pie radar polar"
},
{
  "title": "EasyPieChart",
  "url": "../chart/easypiechart.html",
  "description": "chart/easypiechart.html",
  "tokens": "chart easypiechart pie scale"
},
{
  "title": "Morris Chart",
  "url": "../chart/morris.html",
  "description": "chart/morris.html",
  "tokens": "morris chart line area bar pie"
},
{
  "title": "Peity",
  "url": "../chart/peity.html",
  "description": "chart/peity.html",
  "tokens": "peity chart line bar pie"
},
{
  "title": "Sparkline",
  "url": "../chart/sparkline.html",
  "description": "chart/sparkline.html",
  "tokens": "chart sparkline"
},
{
  "title": "App Widgets",
  "url": "../widget/app.html",
  "description": "widget/app.html",
  "tokens": "widget app chat todo"
},
{
  "title": "Blog Widgets",
  "url": "../widget/blog.html",
  "description": "widget/blog.html",
  "tokens": "widget blog post"
},
{
  "title": "Chart Widgets",
  "url": "../widget/chart.html",
  "description": "widget/chart.html",
  "tokens": "widget chart"
},
{
  "title": "Form Widgets",
  "url": "../widget/form.html",
  "description": "widget/form.html",
  "tokens": "widget form payment"
},
{
  "title": "List Widgets",
  "url": "../widget/list.html",
  "description": "widget/list.html",
  "tokens": "widget list table comments popular recent"
},
{
  "title": "Social Widgets",
  "url": "../widget/social.html",
  "description": "widget/social.html",
  "tokens": "widget social facebook twitter user profile"
},
{
  "title": "Statistic Widgets",
  "url": "../widget/statistic.html",
  "description": "widget/statistic.html",
  "tokens": "widget statistic"
},
{
  "title": "Calendar",
  "url": "../page-app/calendar.html",
  "description": "page-app/calendar.html",
  "tokens": "app calendar scheduler"
},
{
  "title": "Chat",
  "url": "../page-app/chat.html",
  "description": "page-app/chat.html",
  "tokens": "app chat message messenger"
},
{
  "title": "Mailbox Single",
  "url": "../page-app/mailbox-single.html",
  "description": "page-app/mailbox-single.html",
  "tokens": "mail email conversation mailbox"
},
{
  "title": "Mailbox",
  "url": "../page-app/mailbox.html",
  "description": "page-app/mailbox.html",
  "tokens": "mail email conversation mailbox"
},
{
  "title": "Users",
  "url": "../page-app/users.html",
  "description": "page-app/users.html",
  "tokens": "users contacts customers clients"
},
{
  "title": "Frequently asked questions",
  "url": "../page/faq-1.html",
  "description": "page/faq-1.html",
  "tokens": "faq"
},
{
  "title": "Frequently asked questions",
  "url": "../page/faq-2.html",
  "description": "page/faq-2.html",
  "tokens": "faq"
},
{
  "title": "Frequently asked questions",
  "url": "../page/faq-3.html",
  "description": "page/faq-3.html",
  "tokens": "faq"
},
{
  "title": "Basic Gallery",
  "url": "../page/gallery-basic.html",
  "description": "page/gallery-basic.html",
  "tokens": "gallery"
},
{
  "title": "Justified Gallery",
  "url": "../page/gallery-justified.html",
  "description": "page/gallery-justified.html",
  "tokens": "gallery justified"
},
{
  "title": "Masonry Gallery",
  "url": "../page/gallery-masonry.html",
  "description": "page/gallery-masonry.html",
  "tokens": "gallery masonry"
},
{
  "title": "Shuffle Gallery",
  "url": "../page/gallery-shuffle.html",
  "description": "page/gallery-shuffle.html",
  "tokens": "gallery shuffle"
},
{
  "title": "Galleries",
  "url": "../page/gallery.html",
  "description": "page/gallery.html",
  "tokens": "gallery"
},
{
  "title": "Invoice 2",
  "url": "../page/invoice-1.html",
  "description": "page/invoice-1.html",
  "tokens": "invoice receipt"
},
{
  "title": "Invoice 1",
  "url": "../page/invoice-2.html",
  "description": "page/invoice-2.html",
  "tokens": "invoice receipt"
},
{
  "title": "Google map",
  "url": "../page/map-google.html",
  "description": "page/map-google.html",
  "tokens": "map google"
},
{
  "title": "Mapael map",
  "url": "../page/map-mapael.html",
  "description": "page/map-mapael.html",
  "tokens": "map vector mapael"
},
{
  "title": "Pricing tables",
  "url": "../page/pricing.html",
  "description": "page/pricing.html",
  "tokens": "pricing"
},
{
  "title": "Profile",
  "url": "../page/profile.html",
  "description": "page/profile.html",
  "tokens": "profile user timeline"
},
{
  "title": "Categorized Search Result",
  "url": "../page/search-categorized.html",
  "description": "page/search-categorized.html",
  "tokens": "search result"
},
{
  "title": "Classic Search Results",
  "url": "../page/search.html",
  "description": "page/search.html",
  "tokens": "search result"
},
{
  "title": "User list",
  "url": "../page/userlist-grid.html",
  "description": "page/userlist-grid.html",
  "tokens": "users userlist usergrid contacts customers clients"
},
{
  "title": "User list",
  "url": "../page/userlist.html",
  "description": "page/userlist.html",
  "tokens": "users userlist contacts clients customers"
},
{
  "title": "Blank page",
  "url": "../page-extra/blank.html",
  "description": "page-extra/blank.html",
  "tokens": "blank starter"
},
{
  "title": "Coming soon 1",
  "url": "../page-extra/coming-soon-1.html",
  "description": "page-extra/coming-soon-1.html",
  "tokens": "coming soon landing"
},
{
  "title": "Coming soon 2",
  "url": "../page-extra/coming-soon-2.html",
  "description": "page-extra/coming-soon-2.html",
  "tokens": "coming soon landing"
},
{
  "title": "Coming soon 3",
  "url": "../page-extra/coming-soon-3.html",
  "description": "page-extra/coming-soon-3.html",
  "tokens": "coming soon landing"
},
{
  "title": "Coming soon",
  "url": "../page-extra/coming-soon.html",
  "description": "page-extra/coming-soon.html",
  "tokens": "coming soon landing"
},
{
  "title": "Page not found",
  "url": "../page-extra/error-404.html",
  "description": "page-extra/error-404.html",
  "tokens": "not found 404 error"
},
{
  "title": "Internal server error",
  "url": "../page-extra/error-500.html",
  "description": "page-extra/error-500.html",
  "tokens": "error 500"
},
{
  "title": "Error Pages",
  "url": "../page-extra/error.html",
  "description": "page-extra/error.html",
  "tokens": "error 404 500"
},
{
  "title": "Under maintenance",
  "url": "../page-extra/maintenance.html",
  "description": "page-extra/maintenance.html",
  "tokens": "maintenance"
},
{
  "title": "Lockscreen Page 1",
  "url": "../page-extra/user-lock-1.html",
  "description": "page-extra/user-lock-1.html",
  "tokens": "lock lockscreen"
},
{
  "title": "Lockscreen Page 2",
  "url": "../page-extra/user-lock-2.html",
  "description": "page-extra/user-lock-2.html",
  "tokens": "lock lockscreen"
},
{
  "title": "Lockscreen Page 3",
  "url": "../page-extra/user-lock-3.html",
  "description": "page-extra/user-lock-3.html",
  "tokens": "lock lockscreen"
},
{
  "title": "Lockscreen Pages",
  "url": "../page-extra/user-lock.html",
  "description": "page-extra/user-lock.html",
  "tokens": "lock lockscreen"
},
{
  "title": "Login Page 1",
  "url": "../page-extra/user-login-1.html",
  "description": "page-extra/user-login-1.html",
  "tokens": "login signin"
},
{
  "title": "Login Page 2",
  "url": "../page-extra/user-login-2.html",
  "description": "page-extra/user-login-2.html",
  "tokens": "login signin"
},
{
  "title": "Login Page 3",
  "url": "../page-extra/user-login-3.html",
  "description": "page-extra/user-login-3.html",
  "tokens": "login signin"
},
{
  "title": "Login Pages",
  "url": "../page-extra/user-login.html",
  "description": "page-extra/user-login.html",
  "tokens": "login signin"
},
{
  "title": "Recover Password 1",
  "url": "../page-extra/user-pass-1.html",
  "description": "page-extra/user-pass-1.html",
  "tokens": "forget password"
},
{
  "title": "Recover Password 2",
  "url": "../page-extra/user-pass-2.html",
  "description": "page-extra/user-pass-2.html",
  "tokens": "forget password"
},
{
  "title": "Recover Password 3",
  "url": "../page-extra/user-pass-3.html",
  "description": "page-extra/user-pass-3.html",
  "tokens": "forget password"
},
{
  "title": "Forget Password Pages",
  "url": "../page-extra/user-pass.html",
  "description": "page-extra/user-pass.html",
  "tokens": "forget password"
},
{
  "title": "User Registeration 1",
  "url": "../page-extra/user-register-1.html",
  "description": "page-extra/user-register-1.html",
  "tokens": "register signup"
},
{
  "title": "User Registeration 2",
  "url": "../page-extra/user-register-2.html",
  "description": "page-extra/user-register-2.html",
  "tokens": "register signup"
},
{
  "title": "User Registeration 3",
  "url": "../page-extra/user-register-3.html",
  "description": "page-extra/user-register-3.html",
  "tokens": "register signup"
},
{
  "title": "User Registeration Pages",
  "url": "../page-extra/user-register.html",
  "description": "page-extra/user-register.html",
  "tokens": "register signup"
},
{
  "title": "Emails",
  "url": "../email/index.html",
  "description": "email/index.html",
  "tokens": "email marketing mail"
},
{
  "title": "Build tools",
  "url": "../help/article-build-tools.html",
  "description": "help/article-build-tools.html",
  "tokens": "build tools grunt"
},
{
  "title": "Dependency injection",
  "url": "../help/article-dependency-injection.html",
  "description": "help/article-dependency-injection.html",
  "tokens": "depencency injection provide"
},
{
  "title": "Directory structure",
  "url": "../help/article-directory-structure.html",
  "description": "help/article-directory-structure.html",
  "tokens": "contents directory structure"
},
{
  "title": "Html structure",
  "url": "../help/article-html-structure.html",
  "description": "help/article-html-structure.html",
  "tokens": "html structure"
},
{
  "title": "Introduction",
  "url": "../help/article-introduction.html",
  "description": "help/article-introduction.html",
  "tokens": "introduction"
},
{
  "title": "Quick start",
  "url": "../help/article-quick-start.html",
  "description": "help/article-quick-start.html",
  "tokens": "quick start"
},
{
  "title": "List of Articles",
  "url": "../help/articles.html",
  "description": "help/articles.html",
  "tokens": "articles"
},
{
  "title": "License FAQs",
  "url": "../help/faq-license.html",
  "description": "help/faq-license.html",
  "tokens": "faq license"
},
{
  "title": "General FAQs",
  "url": "../help/faq.html",
  "description": "help/faq.html",
  "tokens": "faq general"
}
]